,algo,trial,n,ite_median,top_k_median,diff_mean,diff_median,ite_better,equal,ite_worse,p
0,me,3,36,0.10762711588541651,0.08482092285156236,0.005634860568576389,0.0009685872395833485,18,0,18,0.5812918253068347
1,pgame,3,36,1.4699310302734374,1.4619075520833333,0.0262411985044126,0.0017330322265621811,19,4,13,0.13467575894495334
2,dcrlme,3,36,0.4659086507161456,0.3922309163411457,0.12864069733796296,0.025901245117187485,20,1,15,0.01916954281622823
3,all,3,108,0.30585416666666654,0.26884261067708315,0.053505585470317314,0.0021920979817708353,57,5,46,0.008824605719956665
4,me,5,36,0.11257409667968735,0.10474576822916654,0.0033169307002314805,-0.0012276204427083333,16,0,20,0.7978891460807063
5,pgame,5,36,1.48887158203125,1.4771686197916667,-0.027731732403790496,0.0010050455729166685,18,1,17,0.9738673433335014
6,dcrlme,5,36,0.4659086507161456,0.3890266113281248,0.08288082094545718,0.0,17,4,15,0.16644373380713606
7,all,5,108,0.328430216471354,0.30091764322916653,0.01948867308063271,0.0,51,5,52,0.4453076731640153
8,me,10,36,0.10791088867187484,0.09751090494791653,0.0065479623300057875,0.002947265625,20,0,16,0.4506834212807007
9,pgame,10,36,1.48887158203125,1.5436196289062498,-0.032546368634259276,0.0015026041666665324,18,0,18,0.9443348394706845
10,dcrlme,10,36,0.6506330159505207,0.4476508789062499,0.04113908329716435,0.0,17,2,17,0.40700200392188557
11,all,10,108,0.376852579752604,0.3274557291666665,0.005046892330970288,0.0022740885416666664,55,2,51,0.4870605297306855
