,algo,estimate,ci_low,ci_high,p,trial
0,me,0.005634860568576389,-0.04407727515394723,0.0553469962911,0.8241881460271023,3
1,pgame,0.026241198504412602,-0.023470937218111013,0.07595333422693622,0.30085924674883957,3
2,dcrlme,0.12864069733796296,0.07892856161543935,0.17835283306048658,3.940236057795106e-07,3
0,me,0.0033169307002314814,-0.06262988575158994,0.0692637471520529,0.9214714186879122,5
1,pgame,-0.027731732403790503,-0.09367854885561192,0.038215084048030916,0.40982738618823444,5
2,dcrlme,0.08288082094545716,0.016934004493635746,0.14882763739727858,0.013768429284190725,5
0,me,0.006547962330005788,-0.07291758307648852,0.0860135077365001,0.8716987713808093,10
1,pgame,-0.032546368634259276,-0.11201191404075359,0.04691917677223503,0.42212838600515346,10
2,dcrlme,0.04113908329716432,-0.03832646210932999,0.12060462870365862,0.3102642593406687,10
