,run,scenario,cell,oracle_fitness,checked_fitness,checked_std,n_episodes,algo,bias
0,dcrlme_seed0,intact,43,1578.359619140625,1599.468017578125,16.609148025512695,16,dcrlme,-0.070361328125
1,dcrlme_seed0,leg1_paralysed,598,1174.093017578125,1173.5953369140625,21.014787673950195,16,dcrlme,0.001658935546875
2,dcrlme_seed0,leg2_paralysed,80,1469.77880859375,1409.0322265625,65.91481018066406,16,dcrlme,0.20248860677083333
3,dcrlme_seed0,leg3_paralysed,473,1206.230712890625,1183.7769775390625,26.41631126403809,16,dcrlme,0.07484578450520833
4,dcrlme_seed0,leg4_paralysed,997,1286.333251953125,1267.420654296875,38.2996940612793,16,dcrlme,0.0630419921875
5,dcrlme_seed0,leg1_weak,611,1455.35791015625,1433.968017578125,33.10343933105469,16,dcrlme,0.07129964192708334
6,dcrlme_seed0,leg2_weak,80,1507.75537109375,1499.7830810546875,58.61931991577149,16,dcrlme,0.026574300130208332
7,dcrlme_seed0,leg3_weak,342,1403.907958984375,1380.965087890625,25.397048950195312,16,dcrlme,0.07647623697916667
8,dcrlme_seed0,leg4_weak,80,1484.4227294921875,1431.9405517578125,34.74398422241211,16,dcrlme,0.17494059244791665
9,dcrlme_seed0,legs12_paralysed,751,1115.37939453125,1106.562255859375,17.367164611816406,16,dcrlme,0.029390462239583335
10,dcrlme_seed0,legs14_paralysed,746,1112.24267578125,1107.7425537109375,27.44121551513672,16,dcrlme,0.015000406901041667
11,dcrlme_seed0,ankle1_paralysed,1012,1307.999755859375,1251.3529052734375,154.2234344482422,16,dcrlme,0.18882283528645832
12,dcrlme_seed0,ankle3_paralysed,611,1470.337158203125,1445.42919921875,31.438520431518555,16,dcrlme,0.08302652994791666
0,dcrlme_seed1,intact,536,1596.9727783203125,1609.693115234375,22.56388282775879,16,dcrlme,-0.042401123046875
1,dcrlme_seed1,leg1_paralysed,891,1293.2530517578125,1279.3284912109375,42.77353286743164,16,dcrlme,0.04641520182291667
2,dcrlme_seed1,leg2_paralysed,887,1333.483154296875,1340.83251953125,13.02153491973877,16,dcrlme,-0.024497884114583333
3,dcrlme_seed1,leg3_paralysed,874,1494.556884765625,1482.13427734375,39.75054931640625,16,dcrlme,0.04140869140625
4,dcrlme_seed1,leg4_paralysed,386,1201.697265625,1190.0970458984375,17.811843872070312,16,dcrlme,0.038667399088541665
5,dcrlme_seed1,leg1_weak,680,1538.17431640625,1512.5059814453125,40.46962356567383,16,dcrlme,0.08556111653645833
6,dcrlme_seed1,leg2_weak,193,1455.656982421875,1434.39111328125,38.399314880371094,16,dcrlme,0.07088623046875
7,dcrlme_seed1,leg3_weak,209,1575.222412109375,1568.3519287109375,32.1136360168457,16,dcrlme,0.022901611328125
8,dcrlme_seed1,leg4_weak,386,1494.9393310546875,1471.5750732421875,24.75666618347168,16,dcrlme,0.077880859375
9,dcrlme_seed1,legs12_paralysed,887,1118.134033203125,1094.72265625,20.12453842163086,16,dcrlme,0.07803792317708333
10,dcrlme_seed1,legs14_paralysed,243,1121.48974609375,1125.542724609375,21.27462387084961,16,dcrlme,-0.013509928385416667
11,dcrlme_seed1,ankle1_paralysed,302,1439.2183837890625,1435.5068359375,25.091768264770508,16,dcrlme,0.012371826171875
12,dcrlme_seed1,ankle3_paralysed,782,1570.544189453125,1498.05908203125,79.23278045654297,16,dcrlme,0.24161702473958332
0,dcrlme_seed2,intact,771,1598.583740234375,1560.71875,39.75563049316406,16,dcrlme,0.12621663411458334
1,dcrlme_seed2,leg1_paralysed,33,1278.237060546875,1265.70068359375,26.057493209838867,16,dcrlme,0.04178792317708333
2,dcrlme_seed2,leg2_paralysed,475,1261.05908203125,1248.4730224609375,26.41232681274414,16,dcrlme,0.04195353190104167
3,dcrlme_seed2,leg3_paralysed,295,1411.9822998046875,1402.3985595703125,18.53000831604004,16,dcrlme,0.03194580078125
4,dcrlme_seed2,leg4_paralysed,706,1221.6722412109375,1215.3428955078125,6.993432521820068,16,dcrlme,0.021097819010416668
5,dcrlme_seed2,leg1_weak,258,1421.79052734375,1407.58837890625,18.945104598999023,16,dcrlme,0.04734049479166667
6,dcrlme_seed2,leg2_weak,680,1397.126220703125,1363.25341796875,36.25658416748047,16,dcrlme,0.11290934244791667
7,dcrlme_seed2,leg3_weak,295,1526.287841796875,1518.158447265625,26.416339874267575,16,dcrlme,0.027097981770833335
8,dcrlme_seed2,leg4_weak,856,1484.2452392578125,1482.728759765625,18.59443473815918,16,dcrlme,0.005054931640625
9,dcrlme_seed2,legs12_paralysed,675,1087.43017578125,1098.2244873046875,20.51881217956543,16,dcrlme,-0.03598103841145833
10,dcrlme_seed2,legs14_paralysed,86,1106.7921142578125,1122.969482421875,37.26005935668945,16,dcrlme,-0.053924560546875
11,dcrlme_seed2,ankle1_paralysed,163,1303.129150390625,1225.8021240234375,42.02570343017578,16,dcrlme,0.2577567545572917
12,dcrlme_seed2,ankle3_paralysed,437,1501.42626953125,1502.453857421875,22.268457412719727,16,dcrlme,-0.00342529296875
0,me_seed0,intact,285,1189.415771484375,1177.108642578125,13.543926239013672,16,me,0.04102376302083333
1,me_seed0,leg1_paralysed,386,1127.8726806640625,1118.180419921875,16.838422775268555,16,me,0.03230753580729167
2,me_seed0,leg2_paralysed,1012,1120.479736328125,1083.237060546875,29.80936622619629,16,me,0.12414225260416667
3,me_seed0,leg3_paralysed,32,1138.9404296875,1086.14599609375,65.7217025756836,16,me,0.1759814453125
4,me_seed0,leg4_paralysed,244,1118.9453125,1090.682861328125,25.675872802734375,16,me,0.09420817057291667
5,me_seed0,leg1_weak,242,1174.162841796875,1148.3402099609375,39.77679443359375,16,me,0.086075439453125
6,me_seed0,leg2_weak,724,1130.2786865234375,1124.309814453125,9.5724515914917,16,me,0.019896240234375
7,me_seed0,leg3_weak,600,1149.312744140625,1119.3927001953125,27.288116455078125,16,me,0.09973347981770833
8,me_seed0,leg4_weak,166,1178.064453125,1175.04345703125,6.79879903793335,16,me,0.010069986979166667
9,me_seed0,legs12_paralysed,305,1087.8814697265625,1084.0146484375,8.822982788085938,16,me,0.012889404296875
10,me_seed0,legs14_paralysed,340,1096.2808837890625,1099.776123046875,10.78332805633545,16,me,-0.011650797526041666
11,me_seed0,ankle1_paralysed,228,1183.723388671875,1173.6883544921875,14.564849853515623,16,me,0.033450113932291664
12,me_seed0,ankle3_paralysed,718,1165.1414794921875,1154.56298828125,21.893569946289062,16,me,0.03526163736979167
0,me_seed1,intact,385,1165.264892578125,1157.8525390625,15.71760368347168,16,me,0.024707845052083333
1,me_seed1,leg1_paralysed,883,1096.0740966796875,1081.325439453125,14.525727272033691,16,me,0.049162190755208335
2,me_seed1,leg2_paralysed,724,1092.531005859375,1085.105224609375,11.32777500152588,16,me,0.024752604166666668
3,me_seed1,leg3_paralysed,874,1126.8658447265625,1057.8436279296875,179.80943298339844,16,me,0.23007405598958333
4,me_seed1,leg4_paralysed,258,1128.4112548828125,1133.425048828125,8.715219497680664,16,me,-0.016712646484375
5,me_seed1,leg1_weak,180,1114.806884765625,1109.7735595703125,8.937918663024902,16,me,0.016777750651041666
6,me_seed1,leg2_weak,141,1120.7823486328125,1117.39013671875,6.280205249786377,16,me,0.011307373046875
7,me_seed1,leg3_weak,979,1143.5667724609375,1116.89306640625,31.062335968017575,16,me,0.088912353515625
8,me_seed1,leg4_weak,1005,1165.186279296875,1160.8017578125,12.27405834197998,16,me,0.014615071614583334
9,me_seed1,legs12_paralysed,821,1067.2769775390625,1053.651123046875,11.997453689575195,16,me,0.04541951497395833
10,me_seed1,legs14_paralysed,821,1067.02392578125,1067.38916015625,12.462590217590332,16,me,-0.0012174479166666666
11,me_seed1,ankle1_paralysed,851,1112.661865234375,1109.053955078125,12.903843879699709,16,me,0.0120263671875
12,me_seed1,ankle3_paralysed,632,1146.29833984375,1105.432373046875,31.847389221191406,16,me,0.13621988932291668
0,me_seed2,intact,487,1216.24169921875,1177.438720703125,49.02215576171875,16,me,0.12934326171875
1,me_seed2,leg1_paralysed,547,1122.762939453125,1102.1341552734375,20.80998992919922,16,me,0.06876261393229166
2,me_seed2,leg2_paralysed,852,1097.3460693359375,1094.6480712890625,25.56572723388672,16,me,0.008993326822916667
3,me_seed2,leg3_paralysed,681,1108.1015625,1098.5428466796875,14.627580642700195,16,me,0.03186238606770833
4,me_seed2,leg4_paralysed,530,1091.47802734375,1090.604736328125,6.898749828338623,16,me,0.0029109700520833334
5,me_seed2,leg1_weak,547,1203.806884765625,1131.095703125,40.6519775390625,16,me,0.24237060546875
6,me_seed2,leg2_weak,831,1144.203857421875,1135.0504150390625,13.998665809631348,16,me,0.030511474609375
7,me_seed2,leg3_weak,3,1137.357666015625,1127.868408203125,21.14857482910156,16,me,0.031630859375
8,me_seed2,leg4_weak,594,1200.509521484375,1151.42041015625,38.8873291015625,16,me,0.16363037109375
9,me_seed2,legs12_paralysed,619,1075.5223388671875,1071.9058837890625,7.03221321105957,16,me,0.012054850260416666
10,me_seed2,legs14_paralysed,931,1094.9315185546875,1086.93603515625,7.15909481048584,16,me,0.026651611328125
11,me_seed2,ankle1_paralysed,354,1144.02099609375,1117.488525390625,32.20169448852539,16,me,0.08844156901041667
12,me_seed2,ankle3_paralysed,317,1195.452880859375,1178.16552734375,30.540916442871097,16,me,0.05762451171875
0,pgame_seed0,intact,884,1769.323974609375,1795.450927734375,40.459415435791016,16,pgame,-0.08708984375
1,pgame_seed0,leg1_paralysed,89,1183.3583984375,1166.811279296875,41.781944274902344,16,pgame,0.055157063802083336
2,pgame_seed0,leg2_paralysed,51,1764.9677734375,1701.6796875,42.45283889770508,16,pgame,0.21096028645833334
3,pgame_seed0,leg3_paralysed,218,1287.35888671875,1254.958251953125,31.058523178100582,16,pgame,0.10800211588541667
4,pgame_seed0,leg4_paralysed,202,1393.2869873046875,1362.7376708984375,49.86394119262695,16,pgame,0.1018310546875
5,pgame_seed0,leg1_weak,51,1674.3585205078125,1669.559326171875,39.72104263305664,16,pgame,0.015997314453125
6,pgame_seed0,leg2_weak,884,1758.529296875,1763.0595703125,51.74223709106445,16,pgame,-0.015100911458333333
7,pgame_seed0,leg3_weak,715,1619.33544921875,1655.032958984375,59.57462692260742,16,pgame,-0.11899169921875
8,pgame_seed0,leg4_weak,80,1721.392822265625,1678.725830078125,29.42835807800293,16,pgame,0.14222330729166666
9,pgame_seed0,legs12_paralysed,715,1102.0789794921875,1078.64013671875,43.92184829711914,16,pgame,0.07812947591145833
10,pgame_seed0,legs14_paralysed,217,1130.2861328125,1120.710205078125,19.776132583618164,16,pgame,0.031919759114583335
11,pgame_seed0,ankle1_paralysed,553,1515.1484375,1461.5977783203125,53.00371170043945,16,pgame,0.178502197265625
12,pgame_seed0,ankle3_paralysed,715,1636.6123046875,1540.4871826171875,253.6455535888672,16,pgame,0.3204170735677083
0,pgame_seed1,intact,578,1989.3350830078125,1969.3336181640625,52.13777542114258,16,pgame,0.06667154947916666
1,pgame_seed1,leg1_paralysed,44,1351.49755859375,1319.81884765625,71.34416198730469,16,pgame,0.105595703125
2,pgame_seed1,leg2_paralysed,654,1573.92236328125,1562.8421630859375,53.09269714355469,16,pgame,0.03693400065104167
3,pgame_seed1,leg3_paralysed,654,1595.51611328125,1566.008544921875,50.73985290527344,16,pgame,0.09835856119791667
4,pgame_seed1,leg4_paralysed,680,1349.7532958984375,1326.256103515625,23.161436080932617,16,pgame,0.078323974609375
5,pgame_seed1,leg1_weak,276,1848.5848388671875,1808.962646484375,160.49583435058594,16,pgame,0.132073974609375
6,pgame_seed1,leg2_weak,852,1808.063720703125,1801.506103515625,45.137882232666016,16,pgame,0.021858723958333333
7,pgame_seed1,leg3_weak,491,1830.643798828125,1851.837646484375,44.21562957763672,16,pgame,-0.07064615885416667
8,pgame_seed1,leg4_weak,150,1809.923583984375,1769.877197265625,39.12765884399414,16,pgame,0.13348795572916666
9,pgame_seed1,legs12_paralysed,399,1080.544677734375,1056.52001953125,31.474834442138672,16,pgame,0.08008219401041666
10,pgame_seed1,legs14_paralysed,852,1106.630126953125,1098.220703125,22.918832778930664,16,pgame,0.028031412760416666
11,pgame_seed1,ankle1_paralysed,581,1747.358154296875,1679.404052734375,161.3003692626953,16,pgame,0.226513671875
12,pgame_seed1,ankle3_paralysed,736,1956.2333984375,1878.878173828125,172.15370178222656,16,pgame,0.2578507486979167
0,pgame_seed2,intact,294,1817.23193359375,1768.017822265625,61.83844757080078,16,pgame,0.16404703776041665
1,pgame_seed2,leg1_paralysed,441,1277.472412109375,1277.2757568359375,19.102298736572266,16,pgame,0.000655517578125
2,pgame_seed2,leg2_paralysed,294,1476.3092041015625,1470.6490478515625,34.52008819580078,16,pgame,0.0188671875
3,pgame_seed2,leg3_paralysed,695,1601.935546875,1529.95068359375,45.258026123046875,16,pgame,0.23994954427083334
4,pgame_seed2,leg4_paralysed,711,1269.820068359375,1261.157958984375,47.67890167236328,16,pgame,0.028873697916666666
5,pgame_seed2,leg1_weak,508,1717.6104736328125,1713.7841796875,19.599382400512695,16,pgame,0.012754313151041667
6,pgame_seed2,leg2_weak,482,1701.4560546875,1699.31689453125,15.551946640014648,16,pgame,0.007130533854166667
7,pgame_seed2,leg3_weak,330,1702.96435546875,1671.0712890625,59.25754165649414,16,pgame,0.10631022135416666
8,pgame_seed2,leg4_weak,294,1733.67041015625,1645.3409423828125,294.5579833984375,16,pgame,0.29443155924479164
9,pgame_seed2,legs12_paralysed,153,1087.58447265625,1082.89013671875,5.645824909210205,16,pgame,0.015647786458333333
10,pgame_seed2,legs14_paralysed,243,1091.185791015625,1089.4317626953125,2.638460874557495,16,pgame,0.0058467610677083335
11,pgame_seed2,ankle1_paralysed,162,1617.41162109375,1563.1982421875,84.26620483398438,16,pgame,0.18071126302083335
12,pgame_seed2,ankle3_paralysed,294,1675.6400146484375,1679.643310546875,61.04964065551758,16,pgame,-0.013344319661458333
