scenario,me,pgame,dcrlme
ankle1_paralysed,0.5415772237880967,0.736569676699968,0.4797366327436576
ankle3_paralysed,0.8220187504954296,0.8133342675838543,0.8200400133166691
leg1_paralysed,0.4066411608533701,0.2884155596098394,0.4066376595293818
leg1_weak,0.883312246760344,0.8663632842478128,0.7633033153744249
leg2_paralysed,0.3174685868948137,0.5536244793351776,0.5104905270415857
leg2_weak,0.5475902847116928,0.847368484069312,0.7374643459782317
leg3_paralysed,0.6138542333209689,0.576827720212589,0.654367363705601
leg3_weak,0.6932043709159939,0.8294806556542041,0.8660898763016741
leg4_paralysed,0.460887862389286,0.3127469630284657,0.3018654370664835
leg4_weak,0.9131603001652184,0.8898378305029233,0.8104428621041886
legs12_paralysed,0.1067802299366422,0.0380794418494709,0.1090702306732668
legs14_paralysed,0.2299804987146878,0.0515026005662872,0.1030341281275518
