,scenario,variant,seed,ite_trials,ite_fitness,rl_episodes_to_match,rl_best_fitness,rl_max_episodes
0,ankle1_paralysed,finetune,0,10.0,1169.5792236328125,1264.0,1209.822265625,2000
1,ankle1_paralysed,finetune,1,5.6,1247.5538818359375,,1159.1546630859375,2000
2,ankle1_paralysed,scratch,0,10.0,1169.5792236328125,1072.0,1409.5400390625,2000
3,ankle1_paralysed,scratch,1,5.6,1247.5538818359375,1808.0,1285.9532470703125,2000
4,leg2_weak,finetune,0,1.4,1437.6246337890625,0.0,1464.28662109375,2000
5,leg2_weak,finetune,1,6.4,1253.5507080078125,1536.0,1376.036865234375,2000
6,leg2_weak,scratch,0,1.4,1437.6246337890625,,1041.612548828125,2000
7,leg2_weak,scratch,1,6.4,1253.5507080078125,,1052.263427734375,2000
8,leg4_paralysed,finetune,0,6.6,1212.348388671875,,1095.733642578125,2000
9,leg4_paralysed,finetune,1,15.0,1115.406982421875,,1100.809326171875,2000
10,leg4_paralysed,scratch,0,6.6,1212.348388671875,,1056.928466796875,2000
11,leg4_paralysed,scratch,1,15.0,1115.406982421875,1264.0,1166.912109375,2000
12,legs14_paralysed,finetune,0,18.8,1087.3952392578126,,1056.225830078125,2000
13,legs14_paralysed,finetune,1,20.0,1060.651318359375,,1052.498291015625,2000
14,legs14_paralysed,scratch,0,18.8,1087.3952392578126,,1052.1787109375,2000
15,legs14_paralysed,scratch,1,20.0,1060.651318359375,,1054.7510986328125,2000
