scenario,Robust TD3,"ITE, DCRL-ME","ITE, PGA-ME",Robust TD3 (gap),"ITE, PGA-ME (gap)"
ankle1_paralysed,1.2936888020833333,0.5004773220486111,1.354492133246528,1.3771547851562498,1.0462400716145832
ankle3_paralysed,2.2098041178385417,1.0922628038194444,2.046623399522569,1.9917035319010417,1.6378739691840276
leg1_paralysed,0.5540627441406248,0.3858723687065973,0.4778722059461802,0.731490519205729,0.32235017903645785
leg1_weak,2.0948736979166664,0.8743647732204863,1.9586406249999997,1.911233968098958,1.6694622938368056
leg2_paralysed,0.748809855143229,0.3458317599826387,1.6589462348090274,0.48481062825520815,1.4373738606770834
leg2_weak,1.8902578124999998,0.8644179144965278,2.2609947102864583,1.747307373046875,2.0041410047743056
leg3_paralysed,1.6289831949869789,0.591187825520833,0.9081685655381944,1.4324168294270831,0.8671453450520835
leg3_weak,2.252253255208333,1.1339170735677082,1.8959861111111111,2.080458821614583,1.6374845377604166
leg4_paralysed,0.6348653564453123,0.3587228461371524,0.7056524522569445,0.4798606770833332,0.630267388237847
leg4_weak,2.258232259114583,1.1987038031684027,2.2533159450954856,1.9895693359374997,1.9189650878906248
legs12_paralysed,-0.14437536621093747,0.05647675238715237,0.03310207790798586,-0.20544368489583348,0.0060979003906246965
legs14_paralysed,-0.48490932210286475,0.026535291883680354,0.035587375217013835,-0.36278346761067726,0.057030598958333484
