run,algo,seed,scenario,method,rep,trials_used,stopped_by_criterion,recommended_true,pct_oracle,pct_intact,oracle_fitness
pgame_seed1,pgame,1,leg1_paralysed,ite,0,6,True,1176.2286376953125,40.1398967463321,12.628863863100875,1351.49755859375
pgame_seed1,pgame,1,leg1_paralysed,ite,1,8,True,1266.4722900390625,70.96107325380464,22.325860461604613,1351.49755859375
pgame_seed1,pgame,1,leg1_paralysed,ite,2,9,True,1263.391357421875,69.90883339498046,21.99480345833434,1351.49755859375
pgame_seed1,pgame,1,leg1_paralysed,ite,3,8,True,1266.4722900390625,70.96107325380464,22.325860461604613,1351.49755859375
pgame_seed1,pgame,1,leg1_paralysed,ite,4,8,True,1176.2286376953125,40.1398967463321,12.628863863100875,1351.49755859375
pgame_seed1,pgame,1,leg1_paralysed,top_k,0,20,False,1320.9420166015625,89.56427705922827,28.178823406699465,1351.49755859375
pgame_seed1,pgame,1,leg1_paralysed,top_k,1,20,False,1320.9420166015625,89.56427705922827,28.178823406699465,1351.49755859375
pgame_seed1,pgame,1,leg1_paralysed,top_k,2,20,False,1314.9227294921875,87.50849246242888,27.532029919189767,1351.49755859375
pgame_seed1,pgame,1,leg1_paralysed,top_k,3,20,False,1320.9420166015625,89.56427705922827,28.178823406699465,1351.49755859375
pgame_seed1,pgame,1,leg1_paralysed,top_k,4,20,False,1243.9915771484375,63.283170132414035,19.91022910393353,1351.49755859375
pgame_seed1,pgame,1,leg2_paralysed,ite,0,3,True,1499.5560302734375,85.56616748267633,47.37152492130329,1573.92236328125
pgame_seed1,pgame,1,leg2_paralysed,ite,1,3,True,1499.5560302734375,85.56616748267633,47.37152492130329,1573.92236328125
pgame_seed1,pgame,1,leg2_paralysed,ite,2,3,True,1499.5560302734375,85.56616748267633,47.37152492130329,1573.92236328125
pgame_seed1,pgame,1,leg2_paralysed,ite,3,4,True,1499.5560302734375,85.56616748267633,47.37152492130329,1573.92236328125
pgame_seed1,pgame,1,leg2_paralysed,ite,4,4,True,1499.5560302734375,85.56616748267633,47.37152492130329,1573.92236328125
pgame_seed1,pgame,1,leg2_paralysed,top_k,0,20,False,1515.32763671875,88.62729362341085,49.066239287146736,1573.92236328125
pgame_seed1,pgame,1,leg2_paralysed,top_k,1,20,False,1463.50537109375,78.56906065095906,43.497755294741204,1573.92236328125
pgame_seed1,pgame,1,leg2_paralysed,top_k,2,20,False,1482.5411376953125,82.26373075035676,45.5432151048355,1573.92236328125
pgame_seed1,pgame,1,leg2_paralysed,top_k,3,20,False,1499.5560302734375,85.56616748267633,47.37152492130329,1573.92236328125
pgame_seed1,pgame,1,leg2_paralysed,top_k,4,20,False,1507.233642578125,87.05632257916551,48.19651126072577,1573.92236328125
pgame_seed1,pgame,1,leg3_paralysed,ite,0,7,True,1409.9754638671875,65.43683305630329,37.745779229799204,1595.51611328125
pgame_seed1,pgame,1,leg3_paralysed,ite,1,5,True,1409.9754638671875,65.43683305630329,37.745779229799204,1595.51611328125
pgame_seed1,pgame,1,leg3_paralysed,ite,2,5,True,1359.189208984375,55.97619027261612,32.28861822113925,1595.51611328125
pgame_seed1,pgame,1,leg3_paralysed,ite,3,5,True,1409.9754638671875,65.43683305630329,37.745779229799204,1595.51611328125
pgame_seed1,pgame,1,leg3_paralysed,ite,4,6,True,1409.9754638671875,65.43683305630329,37.745779229799204,1595.51611328125
pgame_seed1,pgame,1,leg3_paralysed,top_k,0,20,False,1537.458740234375,89.18486766501782,51.44430389267367,1595.51611328125
pgame_seed1,pgame,1,leg3_paralysed,top_k,1,20,False,1486.7928466796875,79.74664621428754,46.00007613038737,1595.51611328125
pgame_seed1,pgame,1,leg3_paralysed,top_k,2,20,False,1537.458740234375,89.18486766501782,51.44430389267367,1595.51611328125
pgame_seed1,pgame,1,leg3_paralysed,top_k,3,20,False,1491.2806396484375,80.58264812587672,46.48230520714272,1595.51611328125
pgame_seed1,pgame,1,leg3_paralysed,top_k,4,20,False,1491.2806396484375,80.58264812587672,46.48230520714272,1595.51611328125
pgame_seed1,pgame,1,leg4_paralysed,ite,0,5,True,1346.8468017578125,99.00138765594353,30.962383325000175,1349.7532958984375
pgame_seed1,pgame,1,leg4_paralysed,ite,1,5,True,1346.8468017578125,99.00138765594353,30.962383325000175,1349.7532958984375
pgame_seed1,pgame,1,leg4_paralysed,ite,2,6,True,1346.8468017578125,99.00138765594353,30.962383325000175,1349.7532958984375
pgame_seed1,pgame,1,leg4_paralysed,ite,3,4,True,1346.8468017578125,99.00138765594353,30.962383325000175,1349.7532958984375
pgame_seed1,pgame,1,leg4_paralysed,ite,4,5,True,1346.8468017578125,99.00138765594353,30.962383325000175,1349.7532958984375
pgame_seed1,pgame,1,leg4_paralysed,top_k,0,20,False,1253.748779296875,67.01479833608786,20.95867465757656,1349.7532958984375
pgame_seed1,pgame,1,leg4_paralysed,top_k,1,20,False,1315.2938232421875,88.16042520670354,27.571905242694726,1349.7532958984375
pgame_seed1,pgame,1,leg4_paralysed,top_k,2,20,False,1324.14013671875,91.1998388128114,28.52247261739236,1349.7532958984375
pgame_seed1,pgame,1,leg4_paralysed,top_k,3,20,False,1346.8468017578125,99.00138765594353,30.962383325000175,1349.7532958984375
pgame_seed1,pgame,1,leg4_paralysed,top_k,4,20,False,1315.2938232421875,88.16042520670354,27.571905242694726,1349.7532958984375
pgame_seed1,pgame,1,leg1_weak,ite,0,3,True,1740.001953125,86.25332701689635,73.20828169544524,1848.5848388671875
pgame_seed1,pgame,1,leg1_weak,ite,1,2,True,1732.5576171875,85.31086862661046,72.40836171892342,1848.5848388671875
pgame_seed1,pgame,1,leg1_weak,ite,2,3,True,1740.001953125,86.25332701689635,73.20828169544524,1848.5848388671875
pgame_seed1,pgame,1,leg1_weak,ite,3,3,True,1740.001953125,86.25332701689635,73.20828169544524,1848.5848388671875
pgame_seed1,pgame,1,leg1_weak,ite,4,2,True,1732.5576171875,85.31086862661046,72.40836171892342,1848.5848388671875
pgame_seed1,pgame,1,leg1_weak,top_k,0,20,False,1848.2232666015625,99.95422468594998,84.83704096452321,1848.5848388671875
pgame_seed1,pgame,1,leg1_weak,top_k,1,20,False,1848.2232666015625,99.95422468594998,84.83704096452321,1848.5848388671875
pgame_seed1,pgame,1,leg1_weak,top_k,2,20,False,1848.5848388671875,100.0,84.8758931711751,1848.5848388671875
pgame_seed1,pgame,1,leg1_weak,top_k,3,20,False,1848.2232666015625,99.95422468594998,84.83704096452321,1848.5848388671875
pgame_seed1,pgame,1,leg1_weak,top_k,4,20,False,1848.5848388671875,100.0,84.8758931711751,1848.5848388671875
pgame_seed1,pgame,1,leg2_weak,ite,0,2,True,1791.198974609375,97.74945788969796,78.70958101449801,1808.063720703125
pgame_seed1,pgame,1,leg2_weak,ite,1,2,True,1791.198974609375,97.74945788969796,78.70958101449801,1808.063720703125
pgame_seed1,pgame,1,leg2_weak,ite,2,3,True,1791.4833984375,97.78741326707573,78.74014335126333,1808.063720703125
pgame_seed1,pgame,1,leg2_weak,ite,3,2,True,1791.198974609375,97.74945788969796,78.70958101449801,1808.063720703125
pgame_seed1,pgame,1,leg2_weak,ite,4,2,True,1791.198974609375,97.74945788969796,78.70958101449801,1808.063720703125
pgame_seed1,pgame,1,leg2_weak,top_k,0,20,False,1773.2713623046875,95.3570799550061,76.78319626584386,1808.063720703125
pgame_seed1,pgame,1,leg2_weak,top_k,1,20,False,1796.798583984375,98.49670641805558,79.31127865917546,1808.063720703125
pgame_seed1,pgame,1,leg2_weak,top_k,2,20,False,1521.986328125,61.82396015786569,49.7817390064061,1808.063720703125
pgame_seed1,pgame,1,leg2_weak,top_k,3,20,False,1747.47509765625,91.91465754573429,74.0112972562918,1808.063720703125
pgame_seed1,pgame,1,leg2_weak,top_k,4,20,False,1802.2459716796875,99.2236414890784,79.89661955108623,1808.063720703125
pgame_seed1,pgame,1,leg3_weak,ite,0,3,True,1771.1298828125,92.29038226539652,76.55308679207823,1830.643798828125
pgame_seed1,pgame,1,leg3_weak,ite,1,3,True,1771.1298828125,92.29038226539652,76.55308679207823,1830.643798828125
pgame_seed1,pgame,1,leg3_weak,ite,2,1,True,1771.1859130859375,92.29764060123944,76.55910744125218,1830.643798828125
pgame_seed1,pgame,1,leg3_weak,ite,3,3,True,1771.1298828125,92.29038226539652,76.55308679207823,1830.643798828125
pgame_seed1,pgame,1,leg3_weak,ite,4,2,True,1771.1859130859375,92.29764060123944,76.55910744125218,1830.643798828125
pgame_seed1,pgame,1,leg3_weak,top_k,0,20,False,1810.1826171875,97.3493949078046,80.74943991566579,1830.643798828125
pgame_seed1,pgame,1,leg3_weak,top_k,1,20,False,1810.1826171875,97.3493949078046,80.74943991566579,1830.643798828125
pgame_seed1,pgame,1,leg3_weak,top_k,2,20,False,1810.1826171875,97.3493949078046,80.74943991566579,1830.643798828125
pgame_seed1,pgame,1,leg3_weak,top_k,3,20,False,1810.1826171875,97.3493949078046,80.74943991566579,1830.643798828125
pgame_seed1,pgame,1,leg3_weak,top_k,4,20,False,1780.306396484375,93.4791363801139,77.53913533456564,1830.643798828125
pgame_seed1,pgame,1,leg4_weak,ite,0,2,True,1809.83740234375,99.98852783080001,80.7123453713,1809.923583984375
pgame_seed1,pgame,1,leg4_weak,ite,1,2,True,1809.83740234375,99.98852783080001,80.7123453713,1809.923583984375
pgame_seed1,pgame,1,leg4_weak,ite,2,2,True,1809.83740234375,99.98852783080001,80.7123453713,1809.923583984375
pgame_seed1,pgame,1,leg4_weak,ite,3,2,True,1809.83740234375,99.98852783080001,80.7123453713,1809.923583984375
pgame_seed1,pgame,1,leg4_weak,ite,4,2,True,1809.83740234375,99.98852783080001,80.7123453713,1809.923583984375
pgame_seed1,pgame,1,leg4_weak,top_k,0,20,False,1766.777099609375,94.25650561366064,76.08536498762436,1809.923583984375
pgame_seed1,pgame,1,leg4_weak,top_k,1,20,False,1809.83740234375,99.98852783080001,80.7123453713,1809.923583984375
pgame_seed1,pgame,1,leg4_weak,top_k,2,20,False,1809.83740234375,99.98852783080001,80.7123453713,1809.923583984375
pgame_seed1,pgame,1,leg4_weak,top_k,3,20,False,1809.83740234375,99.98852783080001,80.7123453713,1809.923583984375
pgame_seed1,pgame,1,leg4_weak,top_k,4,20,False,1809.83740234375,99.98852783080001,80.7123453713,1809.923583984375
pgame_seed1,pgame,1,legs12_paralysed,ite,0,20,False,1057.7855224609375,-4.186271595224848,-0.09826381529771629,1080.544677734375
pgame_seed1,pgame,1,legs12_paralysed,ite,1,20,False,1057.7855224609375,-4.186271595224848,-0.09826381529771629,1080.544677734375
pgame_seed1,pgame,1,legs12_paralysed,ite,2,20,False,1057.7855224609375,-4.186271595224848,-0.09826381529771629,1080.544677734375
pgame_seed1,pgame,1,legs12_paralysed,ite,3,20,False,1057.7855224609375,-4.186271595224848,-0.09826381529771629,1080.544677734375
pgame_seed1,pgame,1,legs12_paralysed,ite,4,20,False,1042.2337646484375,-75.37870575060556,-1.7693546753410236,1080.544677734375
pgame_seed1,pgame,1,legs12_paralysed,top_k,0,20,False,1080.544677734375,100.0,2.3472871518848137,1080.544677734375
pgame_seed1,pgame,1,legs12_paralysed,top_k,1,20,False,1080.544677734375,100.0,2.3472871518848137,1080.544677734375
pgame_seed1,pgame,1,legs12_paralysed,top_k,2,20,False,1080.544677734375,100.0,2.3472871518848137,1080.544677734375
pgame_seed1,pgame,1,legs12_paralysed,top_k,3,20,False,1080.544677734375,100.0,2.3472871518848137,1080.544677734375
pgame_seed1,pgame,1,legs12_paralysed,top_k,4,20,False,1080.544677734375,100.0,2.3472871518848137,1080.544677734375
pgame_seed1,pgame,1,legs14_paralysed,ite,0,20,False,1066.169921875,15.585024179688574,0.8026692751424294,1106.630126953125
pgame_seed1,pgame,1,legs14_paralysed,ite,1,20,False,1053.5377197265625,-10.770428958984793,-0.5547051006021669,1106.630126953125
pgame_seed1,pgame,1,legs14_paralysed,ite,2,15,True,1081.1746826171875,46.89051343253775,2.4149833836641195,1106.630126953125
pgame_seed1,pgame,1,legs14_paralysed,ite,3,19,True,1066.021484375,15.275328567688277,0.7867191457404462,1106.630126953125
pgame_seed1,pgame,1,legs14_paralysed,ite,4,20,False,1066.021484375,15.275328567688277,0.7867191457404462,1106.630126953125
pgame_seed1,pgame,1,legs14_paralysed,top_k,0,20,False,1087.3177490234375,59.707225585747445,3.0750773902639574,1106.630126953125
pgame_seed1,pgame,1,legs14_paralysed,top_k,1,20,False,1056.783447265625,-3.998638969284203,-0.2059403056438349,1106.630126953125
pgame_seed1,pgame,1,legs14_paralysed,top_k,2,20,False,1066.021484375,15.275328567688277,0.7867191457404462,1106.630126953125
pgame_seed1,pgame,1,legs14_paralysed,top_k,3,20,False,1066.169921875,15.585024179688574,0.8026692751424294,1106.630126953125
pgame_seed1,pgame,1,legs14_paralysed,top_k,4,20,False,1075.9052734375,35.89657389041863,1.848766906776447,1106.630126953125
pgame_seed1,pgame,1,ankle1_paralysed,ite,0,3,True,1599.286376953125,78.49850808854033,58.08790006131618,1747.358154296875
pgame_seed1,pgame,1,ankle1_paralysed,ite,1,3,True,1599.286376953125,78.49850808854033,58.08790006131618,1747.358154296875
pgame_seed1,pgame,1,ankle1_paralysed,ite,2,3,True,1599.286376953125,78.49850808854033,58.08790006131618,1747.358154296875
pgame_seed1,pgame,1,ankle1_paralysed,ite,3,3,True,1599.286376953125,78.49850808854033,58.08790006131618,1747.358154296875
pgame_seed1,pgame,1,ankle1_paralysed,ite,4,3,True,1599.286376953125,78.49850808854033,58.08790006131618,1747.358154296875
pgame_seed1,pgame,1,ankle1_paralysed,top_k,0,20,False,1576.6043701171875,75.20485554200278,55.6506389640202,1747.358154296875
pgame_seed1,pgame,1,ankle1_paralysed,top_k,1,20,False,1638.7047119140625,84.22244161274058,62.32353824868576,1747.358154296875
pgame_seed1,pgame,1,ankle1_paralysed,top_k,2,20,False,1667.091796875,88.34452813474233,65.37382997733953,1747.358154296875
pgame_seed1,pgame,1,ankle1_paralysed,top_k,3,20,False,1576.201904296875,75.14641350979836,55.607392601653146,1747.358154296875
pgame_seed1,pgame,1,ankle1_paralysed,top_k,4,20,False,1447.9385986328125,56.52130831591298,41.82505105812187,1747.358154296875
pgame_seed1,pgame,1,ankle3_paralysed,ite,0,3,True,1695.551513671875,70.95574546647049,68.43192625121878,1956.2333984375
pgame_seed1,pgame,1,ankle3_paralysed,ite,1,2,True,1790.90576171875,81.57977886877904,78.67807426217601,1956.2333984375
pgame_seed1,pgame,1,ankle3_paralysed,ite,2,3,True,1695.551513671875,70.95574546647049,68.43192625121878,1956.2333984375
pgame_seed1,pgame,1,ankle3_paralysed,ite,3,2,True,1790.90576171875,81.57977886877904,78.67807426217601,1956.2333984375
pgame_seed1,pgame,1,ankle3_paralysed,ite,4,1,True,1719.6494140625,73.64064838290533,71.021330071322,1956.2333984375
pgame_seed1,pgame,1,ankle3_paralysed,top_k,0,20,False,1706.31787109375,72.15529496965533,69.58880907440638,1956.2333984375
pgame_seed1,pgame,1,ankle3_paralysed,top_k,1,20,False,1599.10009765625,60.20946948570637,58.0678836982673,1956.2333984375
pgame_seed1,pgame,1,ankle3_paralysed,top_k,2,20,False,1956.2333984375,100.0,96.44310802647502,1956.2333984375
pgame_seed1,pgame,1,ankle3_paralysed,top_k,3,20,False,1721.294677734375,73.82395784801706,71.19811941678248,1956.2333984375
pgame_seed1,pgame,1,ankle3_paralysed,top_k,4,20,False,1956.2333984375,100.0,96.44310802647502,1956.2333984375
