iteration,evaluations,qd_score,coverage,max_fitness,time_s
0,256,104879.90625,10.44921875,1045.7303466796875,14.322504997253418
10,2816,351969.9375,37.79296875,1068.6697998046875,46.14120173454285
20,5376,436045.65625,45.41015625,1068.6697998046875,23.33622121810913
30,7936,485475.96875,49.90234375,1081.974853515625,23.876354694366455
40,10496,522647.84375,53.125,1109.548095703125,24.421504974365234
50,13056,557694.0,55.859375,1165.422119140625,24.815685272216797
60,15616,586293.125,57.91015625,1185.75,24.402119398117065
70,18176,617349.625,60.546875,1185.75,24.301233768463135
80,20736,631624.5,61.328125,1185.75,24.38341236114502
90,23296,643036.75,62.20703125,1185.75,24.414774417877197
100,25856,658117.625,63.4765625,1219.3001708984375,24.4291353225708
110,28416,673499.625,64.453125,1219.3001708984375,24.351637601852417
120,30976,686918.375,65.4296875,1252.44189453125,24.389610528945923
130,33536,698134.875,66.11328125,1252.44189453125,24.34591293334961
140,36096,705104.5,66.40625,1301.48583984375,24.412115573883057
150,38656,716545.0,67.1875,1314.4434814453125,24.35906744003296
160,41216,727065.8125,67.96875,1314.4434814453125,24.352203130722046
170,43776,737341.375,68.5546875,1314.4434814453125,24.31652808189392
180,46336,746710.25,69.140625,1314.4434814453125,24.31874942779541
190,48896,753550.0,69.62890625,1314.4434814453125,24.278908014297485
200,51456,762864.75,70.21484375,1314.4434814453125,24.327885389328003
210,54016,769842.9375,70.60546875,1314.4434814453125,24.321922540664673
220,56576,775561.5,71.09375,1314.4434814453125,24.324898958206177
230,59136,782506.3125,71.484375,1315.630615234375,24.287843704223633
240,61696,791227.3125,72.0703125,1331.6768798828125,24.30558204650879
250,64256,797103.875,72.4609375,1331.6768798828125,24.30106806755066
260,66816,801989.1875,72.55859375,1341.3515625,24.32261562347412
270,69376,806603.5625,72.8515625,1350.217529296875,24.33150362968445
280,71936,812961.1875,73.14453125,1350.217529296875,24.29759693145752
290,74496,821663.0,73.73046875,1365.024169921875,24.303875207901
300,77056,825713.25,73.92578125,1365.024169921875,24.29653525352478
310,79616,830104.875,74.12109375,1365.024169921875,24.290382862091064
320,82176,833257.3125,74.12109375,1383.060546875,24.3303964138031
330,84736,835855.875,74.21875,1383.060546875,24.301203727722168
340,87296,839874.5625,74.4140625,1396.5072021484375,24.301294565200806
350,89856,844176.75,74.609375,1400.435302734375,24.29820442199707
360,92416,846544.625,74.609375,1400.435302734375,24.324559450149536
370,94976,848900.625,74.609375,1400.435302734375,24.30352520942688
380,97536,853234.625,74.8046875,1400.435302734375,24.27379608154297
390,100096,857706.5,75.0,1427.058837890625,24.316061973571777
400,102656,860261.0,75.1953125,1427.058837890625,24.271467447280884
410,105216,862818.875,75.29296875,1427.058837890625,24.268916130065918
420,107776,866689.125,75.390625,1427.058837890625,24.22091555595398
430,110336,869043.125,75.48828125,1427.058837890625,24.345542669296265
440,112896,871387.0625,75.5859375,1469.548583984375,24.291985034942627
450,115456,873807.5,75.5859375,1469.548583984375,24.31696128845215
460,118016,876950.3125,75.68359375,1469.548583984375,24.285982608795166
470,120576,879770.25,75.87890625,1469.548583984375,24.297462940216064
480,123136,882800.4375,76.07421875,1469.548583984375,24.227863073349
490,125696,884677.0,76.171875,1469.548583984375,24.341673374176025
500,128256,887177.875,76.3671875,1511.16650390625,24.32814311981201
510,130816,888821.875,76.3671875,1511.16650390625,24.362303972244263
520,133376,892252.0,76.5625,1511.16650390625,24.327640295028687
530,135936,896367.125,76.85546875,1511.16650390625,24.29175305366516
540,138496,899075.5,76.953125,1511.16650390625,24.201393604278564
550,141056,901374.6875,77.05078125,1511.16650390625,24.2111713886261
560,143616,903932.5,77.24609375,1511.16650390625,24.237683296203613
570,146176,906406.5625,77.44140625,1511.16650390625,24.26746940612793
580,148736,909820.625,77.734375,1511.16650390625,24.24850869178772
590,151296,912152.375,77.83203125,1511.16650390625,24.276110410690308
600,153856,914135.8125,77.83203125,1511.16650390625,24.292909145355225
610,156416,915679.5,77.83203125,1511.16650390625,24.28942561149597
620,158976,916864.8125,77.83203125,1511.16650390625,24.259756088256836
630,161536,917702.0625,77.83203125,1511.16650390625,24.275180101394653
640,164096,919320.875,78.02734375,1511.16650390625,24.292039394378662
650,166656,922066.0625,78.125,1511.16650390625,24.30399227142334
660,169216,922756.3125,78.125,1511.16650390625,24.284544944763184
670,171776,927078.75,78.41796875,1511.16650390625,24.251176357269287
680,174336,928175.75,78.41796875,1511.16650390625,24.226813793182373
690,176896,930507.125,78.515625,1511.16650390625,24.26549744606018
700,179456,932759.0,78.61328125,1511.16650390625,24.246827363967896
710,182016,935457.125,78.7109375,1511.16650390625,24.30171847343445
720,184576,936467.25,78.7109375,1511.16650390625,24.26128911972046
730,187136,938512.4375,78.7109375,1511.16650390625,24.28197455406189
740,189696,939568.0,78.7109375,1511.16650390625,24.242744207382202
750,192256,943209.375,78.90625,1511.16650390625,24.260990619659424
760,194816,945204.0625,79.00390625,1511.16650390625,24.320847272872925
770,197376,946245.125,79.00390625,1516.251953125,24.2934410572052
780,199936,947691.625,79.00390625,1516.327880859375,24.220202922821045
790,202496,948994.8125,79.1015625,1516.327880859375,24.20895504951477
800,205056,952206.75,79.39453125,1516.327880859375,24.206433057785034
810,207616,952793.125,79.39453125,1516.327880859375,24.225932121276855
820,210176,954954.75,79.39453125,1516.327880859375,24.25570273399353
830,212736,955669.0,79.4921875,1516.327880859375,24.26781153678894
840,215296,956988.9375,79.4921875,1518.074462890625,24.278680324554443
850,217856,958064.5,79.58984375,1518.074462890625,24.28706669807434
860,220416,958633.125,79.58984375,1518.074462890625,24.297691106796265
870,222976,960013.0625,79.58984375,1518.074462890625,24.284733295440674
880,225536,960864.875,79.58984375,1518.074462890625,24.273929834365845
890,228096,961490.5625,79.58984375,1526.19140625,24.247077226638794
900,230656,962133.0,79.58984375,1526.36572265625,24.238929510116577
910,233216,962696.5,79.58984375,1526.36572265625,24.2186918258667
920,235776,964390.5625,79.58984375,1526.36572265625,24.21637749671936
930,238336,966958.875,79.6875,1526.36572265625,24.25293254852295
940,240896,969007.0625,79.78515625,1526.36572265625,24.264416694641113
950,243456,969801.625,79.78515625,1526.36572265625,24.264667987823486
960,246016,970681.75,79.8828125,1526.36572265625,24.254253387451172
970,248576,971494.1875,79.8828125,1526.36572265625,24.274636030197144
980,251136,973560.125,79.98046875,1526.36572265625,24.25454330444336
990,253696,975342.75,80.078125,1526.36572265625,24.258224725723267
1000,256256,975676.875,80.078125,1526.36572265625,24.25288701057434
1010,258816,976635.875,80.17578125,1526.36572265625,24.304473638534546
1020,261376,977553.3125,80.17578125,1526.36572265625,24.29443669319153
1030,263936,978029.25,80.17578125,1526.36572265625,24.246828079223633
1040,266496,978578.0,80.17578125,1526.36572265625,24.22306513786316
1050,269056,979531.5625,80.17578125,1545.59326171875,24.242363929748535
1060,271616,980112.8125,80.17578125,1545.59326171875,24.233763933181763
1070,274176,980678.375,80.17578125,1545.59326171875,24.2627375125885
1080,276736,981125.5625,80.17578125,1545.59326171875,24.255763292312622
1090,279296,982434.4375,80.2734375,1545.59326171875,24.252197265625
1100,281856,984011.4375,80.37109375,1553.9404296875,24.23809552192688
1110,284416,985261.75,80.37109375,1553.9404296875,24.236573219299316
1120,286976,985784.4375,80.37109375,1586.073486328125,24.22900104522705
1130,289536,987681.625,80.46875,1586.073486328125,24.25704550743103
1140,292096,987926.6875,80.46875,1586.073486328125,24.231738805770874
1150,294656,988893.5,80.46875,1586.073486328125,24.26059055328369
1160,297216,989390.3125,80.46875,1586.073486328125,24.24376392364502
1170,299776,990099.375,80.46875,1586.073486328125,24.251384258270264
1180,302336,991282.625,80.56640625,1586.073486328125,24.229742527008057
1190,304896,991996.5,80.6640625,1586.073486328125,24.23653221130371
1200,307456,993550.8125,80.76171875,1586.073486328125,24.21580696105957
1210,310016,994321.5,80.859375,1586.073486328125,24.262527227401733
1220,312576,995481.6875,80.95703125,1586.073486328125,24.251226663589478
1230,315136,995983.875,80.95703125,1586.073486328125,24.25747275352478
1240,317696,996810.125,80.95703125,1586.073486328125,24.230551719665527
1250,320256,997478.75,80.95703125,1586.073486328125,24.24910616874695
1260,322816,998965.0625,80.95703125,1586.073486328125,24.317296504974365
1270,325376,1000202.25,80.95703125,1586.073486328125,24.28695583343506
1280,327936,1001430.375,81.0546875,1586.073486328125,24.20371127128601
1290,330496,1001628.125,81.0546875,1586.073486328125,24.190571308135986
1300,333056,1002734.125,81.15234375,1586.073486328125,24.19581627845764
1310,335616,1003374.375,81.15234375,1586.073486328125,24.216768980026245
1320,338176,1004045.25,81.34765625,1586.073486328125,24.235095262527466
1330,340736,1004521.625,81.34765625,1586.073486328125,24.256937265396118
1340,343296,1005349.875,81.4453125,1586.073486328125,24.241095542907715
1350,345856,1006061.5,81.4453125,1586.073486328125,24.25937056541443
1360,348416,1006786.125,81.4453125,1586.073486328125,24.236417055130005
1370,350976,1007688.875,81.4453125,1586.073486328125,24.227338790893555
1380,353536,1008952.25,81.54296875,1586.073486328125,24.22985315322876
1390,356096,1012906.4375,81.73828125,1586.073486328125,24.233139038085938
1400,358656,1013378.0625,81.73828125,1586.073486328125,24.219452381134033
1410,361216,1014944.625,81.8359375,1586.073486328125,24.22573971748352
1420,363776,1017294.875,81.93359375,1586.073486328125,24.233832836151123
1430,366336,1017688.5625,82.03125,1586.073486328125,24.230467081069946
1440,368896,1017971.75,82.12890625,1586.073486328125,24.215755939483643
1450,371456,1021009.0,82.32421875,1586.073486328125,24.226235389709473
1460,374016,1022505.8125,82.421875,1586.073486328125,24.220871686935425
1470,376576,1022782.1875,82.421875,1586.073486328125,24.233823537826538
1480,379136,1023134.5,82.51953125,1586.073486328125,24.22506284713745
1490,381696,1023530.8125,82.6171875,1586.073486328125,24.230683088302612
1500,384256,1023948.875,82.6171875,1586.073486328125,24.21584177017212
1510,386816,1024329.75,82.71484375,1586.073486328125,24.290644645690918
1520,389376,1024940.875,82.71484375,1586.073486328125,24.232369422912598
1530,391936,1026291.375,82.91015625,1586.073486328125,24.22399401664734
1540,394496,1027097.0,82.91015625,1597.275390625,24.19982409477234
1550,397056,1027323.0,82.91015625,1597.275390625,24.22392773628235
1560,399616,1028033.1875,82.91015625,1597.275390625,24.220659971237183
1570,402176,1028399.4375,82.91015625,1597.275390625,24.215614318847656
1580,404736,1028909.9375,83.0078125,1597.275390625,24.203699827194214
1590,407296,1029159.9375,83.0078125,1597.275390625,24.20298719406128
1600,409856,1030260.375,83.10546875,1597.275390625,24.20649790763855
1610,412416,1031253.25,83.203125,1597.275390625,24.213202714920044
1620,414976,1031332.375,83.203125,1597.275390625,24.23551034927368
1630,417536,1031572.5,83.203125,1597.275390625,24.224268913269043
1640,420096,1032269.0,83.203125,1597.275390625,24.23185706138611
1650,422656,1032778.4375,83.203125,1597.275390625,24.183289527893066
1660,425216,1033205.5,83.203125,1597.275390625,24.180100440979004
1670,427776,1033420.875,83.203125,1597.275390625,24.163159132003784
1680,430336,1033678.375,83.203125,1597.275390625,24.185344219207764
1690,432896,1034162.75,83.203125,1597.275390625,24.1616370677948
1700,435456,1034405.875,83.203125,1597.275390625,24.187803268432617
1710,438016,1034675.625,83.203125,1597.275390625,24.17308473587036
1720,440576,1035013.375,83.203125,1597.275390625,24.182167291641235
1730,443136,1035964.5,83.203125,1597.275390625,24.146360397338867
1740,445696,1036325.25,83.203125,1597.275390625,24.16160798072815
1750,448256,1036587.1875,83.203125,1597.275390625,24.1560480594635
1760,450816,1038413.875,83.30078125,1597.275390625,24.253185033798218
1770,453376,1038755.75,83.30078125,1597.275390625,24.180818796157837
1780,455936,1040098.125,83.49609375,1597.275390625,24.14415192604065
1790,458496,1040331.625,83.49609375,1597.275390625,24.11509132385254
1800,461056,1041974.625,83.59375,1597.275390625,24.142123222351074
1810,463616,1042831.375,83.59375,1597.275390625,24.155268669128418
1820,466176,1043123.6875,83.59375,1597.275390625,24.163021326065063
1830,468736,1043375.4375,83.59375,1597.275390625,24.15713357925415
1840,471296,1043650.9375,83.59375,1600.834716796875,24.149333715438843
1850,473856,1044086.125,83.69140625,1600.834716796875,24.123717784881592
1860,476416,1046241.5,83.7890625,1600.834716796875,24.131727695465088
1870,478976,1046450.4375,83.7890625,1600.834716796875,24.138569355010986
1880,481536,1046561.5,83.7890625,1600.834716796875,24.19046425819397
1890,484096,1048294.8125,83.88671875,1609.9405517578125,24.102487325668335
1900,486656,1049383.75,83.88671875,1609.9405517578125,24.162593603134155
1910,489216,1049597.125,83.88671875,1609.9405517578125,24.215670585632324
1920,491776,1049805.125,83.88671875,1609.9405517578125,24.204712390899658
1930,494336,1049934.625,83.88671875,1609.9405517578125,24.134555339813232
1940,496896,1051554.75,84.08203125,1609.9405517578125,24.17113447189331
1950,499456,1051924.0,84.08203125,1609.9405517578125,24.18670392036438
1960,502016,1052089.75,84.08203125,1609.9405517578125,24.206103801727295
1970,504576,1052421.125,84.08203125,1609.9405517578125,24.184704303741455
1980,507136,1052802.0,84.1796875,1609.9405517578125,24.182495594024658
1990,509696,1052948.125,84.1796875,1609.9405517578125,24.190552473068237
2000,512256,1053168.0,84.1796875,1609.9405517578125,24.193152904510498
