episodes,intact,damaged_mean,time_s
800,923.294921875,934.9646708170573,296.9212763309479
1600,1003.2469482421875,999.6129608154297,564.8588736057281
2400,1035.8843994140625,1029.2621154785156,833.061121225357
3200,1036.0615234375,1029.139663696289,1102.22452378273
4000,1031.57568359375,1024.7113545735676,1371.9277687072754
4800,1153.5968017578125,1116.1014099121094,1642.0547239780426
5600,1311.11279296875,1193.2830810546875,1912.0688672065735
6400,1525.82763671875,1302.771519978841,2181.940700531006
7200,1604.678955078125,1326.734634399414,2451.6842069625854
8000,1632.79248046875,1369.6808166503906,2721.382523536682
8800,1752.7861328125,1400.3933563232422,2990.993750333786
9600,1784.940673828125,1427.5335947672527,3260.397739648819
10000,1769.484375,1418.505121866862,3396.1582176685333
