run,algo,seed,scenario,method,rep,trial,cell,observed,recommended_cell,recommended_true,pct_oracle,pct_intact,stop_trial
pgame_seed0,pgame,0,leg4_paralysed,ite,1,1,884,1098.0548095703125,884,1187.991943359375,38.64225097362704,18.194143172617537,4.0
pgame_seed0,pgame,0,leg4_paralysed,ite,1,2,973,1144.6103515625,973,1178.63720703125,35.846345369681295,16.877731587535955,4.0
pgame_seed0,pgame,0,leg4_paralysed,ite,1,3,1012,1188.263671875,1012,1202.8076171875,43.07029940057715,20.279025523549908,4.0
pgame_seed0,pgame,0,leg4_paralysed,ite,1,4,740,1311.65087890625,740,1264.810546875,61.601483230221376,29.00416454261869,4.0
pgame_seed0,pgame,0,leg4_paralysed,ite,1,5,740,1334.75390625,740,1264.810546875,61.601483230221376,29.00416454261869,4.0
pgame_seed0,pgame,0,leg4_paralysed,ite,1,6,740,1317.1240234375,740,1264.810546875,61.601483230221376,29.00416454261869,4.0
pgame_seed0,pgame,0,leg4_paralysed,ite,1,7,740,1197.2125244140625,740,1264.810546875,61.601483230221376,29.00416454261869,4.0
pgame_seed0,pgame,0,leg4_paralysed,ite,1,8,740,1249.1241455078125,740,1264.810546875,61.601483230221376,29.00416454261869,4.0
pgame_seed0,pgame,0,leg4_paralysed,ite,1,9,740,1202.667236328125,740,1264.810546875,61.601483230221376,29.00416454261869,4.0
pgame_seed0,pgame,0,leg4_paralysed,ite,1,10,740,1235.91357421875,740,1264.810546875,61.601483230221376,29.00416454261869,4.0
pgame_seed0,pgame,0,leg4_paralysed,ite,1,11,771,1019.1846313476562,740,1264.810546875,61.601483230221376,29.00416454261869,4.0
pgame_seed0,pgame,0,leg4_paralysed,ite,1,12,740,1321.2642822265625,740,1264.810546875,61.601483230221376,29.00416454261869,4.0
pgame_seed0,pgame,0,leg4_paralysed,ite,1,13,740,1211.4471435546875,740,1264.810546875,61.601483230221376,29.00416454261869,4.0
pgame_seed0,pgame,0,leg4_paralysed,ite,1,14,740,1216.534423828125,740,1264.810546875,61.601483230221376,29.00416454261869,4.0
pgame_seed0,pgame,0,leg4_paralysed,ite,1,15,740,1316.5322265625,740,1264.810546875,61.601483230221376,29.00416454261869,4.0
pgame_seed0,pgame,0,leg4_paralysed,ite,1,16,740,1316.6497802734375,740,1264.810546875,61.601483230221376,29.00416454261869,4.0
pgame_seed0,pgame,0,leg4_paralysed,ite,1,17,740,1218.640869140625,740,1264.810546875,61.601483230221376,29.00416454261869,4.0
pgame_seed0,pgame,0,leg4_paralysed,ite,1,18,740,1346.793212890625,740,1264.810546875,61.601483230221376,29.00416454261869,4.0
pgame_seed0,pgame,0,leg4_paralysed,ite,1,19,740,1302.9876708984375,740,1264.810546875,61.601483230221376,29.00416454261869,4.0
pgame_seed0,pgame,0,leg4_paralysed,ite,1,20,740,1246.8306884765625,740,1264.810546875,61.601483230221376,29.00416454261869,4.0
