episodes,eval_fitness,time_s
0,1163.6729736328125,0.0
16,1151.782470703125,20.760989665985107
32,1158.754150390625,31.351587772369385
48,1159.03662109375,35.96607518196106
64,1161.5889892578125,40.58459162712097
80,1152.114501953125,45.22294354438782
96,1152.109619140625,49.863409996032715
112,1156.3570556640625,54.51641893386841
128,1159.033203125,59.16156506538391
144,1162.07568359375,63.796950817108154
160,1156.03369140625,68.42374992370605
176,194.85910034179688,82.97260117530823
192,963.18603515625,88.34421825408936
208,901.60107421875,93.7475323677063
224,1005.6011962890625,99.16429710388184
240,1163.29248046875,104.59461951255798
256,1101.911376953125,110.01613020896912
272,1161.666748046875,115.4421935081482
288,1150.18408203125,120.8444721698761
304,1115.086181640625,126.27122235298157
320,1152.287353515625,131.67853832244873
336,1180.932861328125,137.08932852745056
352,1239.2674560546875,142.4789900779724
368,1190.588623046875,147.88614559173584
384,1213.5068359375,153.27972865104675
400,1266.415771484375,158.68147802352905
416,1264.1611328125,164.07495307922363
432,1289.7020263671875,169.4791190624237
448,1274.52294921875,174.88340950012207
464,1289.432373046875,180.29405093193054
480,1233.041748046875,185.68612504005432
496,1295.591796875,191.10707592964172
512,1306.3232421875,196.5176339149475
528,1340.7225341796875,201.9290361404419
544,1337.0947265625,207.33756494522095
560,1365.57568359375,212.7542860507965
576,1341.050048828125,218.15514159202576
592,1271.6412353515625,223.5751292705536
608,1331.438232421875,228.982515335083
624,1363.4931640625,234.40466809272766
640,1367.95361328125,239.81323385238647
656,1335.6484375,245.23175048828125
672,1387.6099853515625,250.64040637016296
688,1371.70556640625,256.0633988380432
704,1297.730712890625,261.4675257205963
720,1395.29345703125,266.890239238739
736,1347.402099609375,272.302805185318
752,1425.863037109375,277.7184782028198
768,1454.0670166015625,283.1250169277191
784,1435.196044921875,288.5408639907837
800,1433.82861328125,293.9503128528595
816,1479.2744140625,299.3717551231384
832,1527.283447265625,304.7778022289276
848,1451.280029296875,310.1936922073364
864,1525.479736328125,315.59031915664673
880,1438.5167236328125,321.0090289115906
896,1525.190185546875,326.41958379745483
912,1571.5723876953125,331.8412411212921
928,1488.24462890625,337.26112389564514
944,1581.109619140625,342.70379400253296
960,1504.232666015625,348.13320446014404
976,1498.521728515625,353.57549118995667
992,1556.58837890625,358.9820775985718
1008,1543.7064208984375,364.4219923019409
1024,1439.6063232421875,369.8294258117676
1040,1578.052734375,375.2475368976593
1056,1587.6138916015625,380.6589171886444
1072,1549.041259765625,386.0789873600006
1088,1489.9825439453125,391.4748857021332
1104,1676.048828125,396.89574432373047
1120,1618.5997314453125,402.3020067214966
1136,1639.09375,407.7289934158325
1152,1559.39990234375,413.1327602863312
1168,1522.06591796875,418.55605244636536
1184,1553.8560791015625,423.96908378601074
1200,1657.39453125,429.39137840270996
1216,1597.25537109375,434.81698775291443
1232,1609.5487060546875,440.2354190349579
1248,1715.54248046875,445.65154552459717
1264,1662.337646484375,451.07257652282715
1280,1634.8604736328125,456.4940941333771
1296,1625.2138671875,461.9143009185791
1312,1678.3548583984375,467.33476543426514
1328,1689.215576171875,472.75248432159424
1344,1682.398193359375,478.1624176502228
1360,1747.9383544921875,483.58528447151184
1376,1648.8759765625,488.9920606613159
1392,1747.4146728515625,494.4160659313202
1408,1711.79052734375,499.8341763019562
1424,1721.0732421875,505.2732174396515
1440,1644.182861328125,510.6999680995941
1456,1692.25,516.1469120979309
1472,1681.7255859375,521.5934300422668
1488,1745.3785400390625,527.0267267227173
1504,1779.039306640625,532.4364466667175
1520,1732.9169921875,537.8965489864349
1536,1712.545654296875,543.3165786266327
1552,1828.55908203125,548.7407114505768
1568,1723.462158203125,554.1642234325409
1584,1817.641845703125,559.5887875556946
1600,1683.00634765625,565.0124609470367
1616,1832.245361328125,570.4353082180023
1632,1857.50634765625,575.8513085842133
1648,1829.4755859375,581.274498462677
1664,1857.0467529296875,586.7002408504486
1680,1817.65380859375,592.1198582649231
1696,1702.458740234375,597.5457165241241
1712,1776.390869140625,602.978718996048
1728,1761.03125,608.3998899459839
1744,1775.83642578125,613.8253881931305
1760,1819.0736083984375,619.2288875579834
1776,1740.2813720703125,624.6553907394409
1792,1847.376220703125,630.0582826137543
1808,1792.875244140625,635.4862639904022
1824,1824.2528076171875,640.9082770347595
1840,1794.1083984375,646.3359427452087
1856,1693.061279296875,651.7583978176117
1872,1789.681640625,657.1817126274109
1888,1905.2176513671875,662.6031024456024
1904,1771.97900390625,668.0312178134918
1920,1843.5736083984375,673.4570829868317
1936,1885.1826171875,678.8936259746552
1952,1817.1348876953125,684.3265206813812
1968,1767.523193359375,689.7556142807007
1984,1840.00927734375,695.1850755214691
2000,1817.272216796875,700.616702079773
