seed,scenario,fitness,std,n_episodes
0,intact,1658.251953125,149.85728454589844,32
0,leg1_paralysed,1422.4212646484375,48.34090805053711,32
0,leg2_paralysed,1156.029541015625,51.2180061340332,32
0,leg3_paralysed,1583.574462890625,39.65756607055664,32
0,leg4_paralysed,1074.23486328125,40.70563888549805,32
0,leg1_weak,1682.24755859375,61.85805130004883,32
0,leg2_weak,1498.138916015625,64.01839447021484,32
0,leg3_weak,1723.427490234375,38.78805160522461,32
0,leg4_weak,1669.429443359375,54.76286697387695,32
0,legs12_paralysed,970.16552734375,24.48044776916504,32
0,legs14_paralysed,950.8043823242188,26.05126190185547,32
0,ankle1_paralysed,1681.75,76.80716705322266,32
0,ankle3_paralysed,1748.205078125,40.64263916015625,32
