run,scenario,cell,oracle_fitness,checked_fitness,checked_std,n_episodes
me_seed1,intact,385,1165.264892578125,1157.8525390625,15.71760368347168,16
me_seed1,leg1_paralysed,883,1096.0740966796875,1081.325439453125,14.525727272033691,16
me_seed1,leg2_paralysed,724,1092.531005859375,1085.105224609375,11.327775001525879,16
me_seed1,leg3_paralysed,874,1126.8658447265625,1057.8436279296875,179.80943298339844,16
me_seed1,leg4_paralysed,258,1128.4112548828125,1133.425048828125,8.715219497680664,16
me_seed1,leg1_weak,180,1114.806884765625,1109.7735595703125,8.937918663024902,16
me_seed1,leg2_weak,141,1120.7823486328125,1117.39013671875,6.280205249786377,16
me_seed1,leg3_weak,979,1143.5667724609375,1116.89306640625,31.062335968017578,16
me_seed1,leg4_weak,1005,1165.186279296875,1160.8017578125,12.27405834197998,16
me_seed1,legs12_paralysed,821,1067.2769775390625,1053.651123046875,11.997453689575195,16
me_seed1,legs14_paralysed,821,1067.02392578125,1067.38916015625,12.462590217590332,16
me_seed1,ankle1_paralysed,851,1112.661865234375,1109.053955078125,12.903843879699707,16
me_seed1,ankle3_paralysed,632,1146.29833984375,1105.432373046875,31.847389221191406,16
