run,algo,seed,scenario,oracle_cell,oracle_fitness,best_intact_cell,best_intact_fitness_damaged,resilience,best_intact_retained,n_policies,n_episodes
pgame_seed1,pgame,1,intact,578,1989.3350830078125,578,1989.3350830078125,1.0,1.0,795,4
pgame_seed1,pgame,1,leg1_paralysed,44,1351.49755859375,578,1266.4722900390625,0.31462123440202605,0.2232586046160461,795,4
pgame_seed1,pgame,1,leg2_paralysed,654,1573.92236328125,578,1389.672607421875,0.5536244793351776,0.3556416617694785,795,4
pgame_seed1,pgame,1,leg3_paralysed,654,1595.51611328125,578,1359.189208984375,0.576827720212589,0.32288618221139254,795,4
pgame_seed1,pgame,1,leg4_paralysed,680,1349.7532958984375,578,1346.8468017578125,0.3127469630284657,0.30962383325000176,795,4
pgame_seed1,pgame,1,leg1_weak,276,1848.5848388671875,578,1732.5576171875,0.8487589317117509,0.7240836171892341,795,4
pgame_seed1,pgame,1,leg2_weak,852,1808.063720703125,578,1753.3851318359375,0.8052175706520557,0.7464635113375645,795,4
pgame_seed1,pgame,1,leg3_weak,491,1830.643798828125,578,1771.1859130859375,0.8294806556542041,0.7655910744125217,795,4
pgame_seed1,pgame,1,leg4_weak,150,1809.923583984375,578,1615.327880859375,0.8072160589050871,0.5981161585487984,795,4
pgame_seed1,pgame,1,legs12_paralysed,399,1080.544677734375,578,1025.0628662109375,0.023472871518848137,-0.03614427867940174,795,4
pgame_seed1,pgame,1,legs14_paralysed,852,1106.630126953125,578,1053.5377197265625,0.05150260056628726,-0.005547051006021669,795,4
pgame_seed1,pgame,1,ankle1_paralysed,581,1747.358154296875,578,1501.7255859375,0.7399873128263464,0.47604651278097243,795,4
pgame_seed1,pgame,1,ankle3_paralysed,736,1956.2333984375,578,1719.6494140625,0.9644310802647501,0.71021330071322,795,4
