run,seed,scenario,rep,method,trials_used,recommended_true,perf_abs,pct_intact,oracle_continuous_abs
dcrlme_seed0,0,leg1_paralysed,0,ite_continuous,3,1095.585693359375,0.12295231119791651,11.444244268629063,0.21558496093749985
dcrlme_seed0,0,leg1_paralysed,1,ite_continuous,7,1095.585693359375,0.12295231119791651,11.444244268629063,0.21558496093749985
dcrlme_seed0,0,leg1_paralysed,2,ite_continuous,6,1095.585693359375,0.12295231119791651,11.444244268629063,0.21558496093749985
dcrlme_seed0,0,leg1_paralysed,3,ite_continuous,5,1095.585693359375,0.12295231119791651,11.444244268629063,0.21558496093749985
dcrlme_seed0,0,leg1_paralysed,4,ite_continuous,6,1095.585693359375,0.12295231119791651,11.444244268629063,0.21558496093749985
dcrlme_seed0,0,leg2_paralysed,0,ite_continuous,6,1119.905029296875,0.20401676432291652,18.989620146695938,0.4234104817708332
dcrlme_seed0,0,leg2_paralysed,1,ite_continuous,6,1119.905029296875,0.20401676432291652,18.989620146695938,0.4234104817708332
dcrlme_seed0,0,leg2_paralysed,2,ite_continuous,4,1119.905029296875,0.20401676432291652,18.989620146695938,0.4234104817708332
dcrlme_seed0,0,leg2_paralysed,3,ite_continuous,5,1119.905029296875,0.20401676432291652,18.989620146695938,0.4234104817708332
dcrlme_seed0,0,leg2_paralysed,4,ite_continuous,4,1119.905029296875,0.20401676432291652,18.989620146695938,0.4234104817708332
dcrlme_seed0,0,leg3_paralysed,0,ite_continuous,3,1130.7589111328125,0.24019637044270817,22.357171727822287,0.5536171874999999
dcrlme_seed0,0,leg3_paralysed,1,ite_continuous,3,1130.7589111328125,0.24019637044270817,22.357171727822287,0.5536171874999999
dcrlme_seed0,0,leg3_paralysed,2,ite_continuous,3,1130.7589111328125,0.24019637044270817,22.357171727822287,0.5536171874999999
dcrlme_seed0,0,leg3_paralysed,3,ite_continuous,3,1130.7589111328125,0.24019637044270817,22.357171727822287,0.5536171874999999
dcrlme_seed0,0,leg3_paralysed,4,ite_continuous,3,1130.7589111328125,0.24019637044270817,22.357171727822287,0.5536171874999999
dcrlme_seed0,0,leg4_paralysed,0,ite_continuous,4,1079.437255859375,0.06912418619791652,6.43399106541203,0.34822208658854154
dcrlme_seed0,0,leg4_paralysed,1,ite_continuous,8,1071.864990234375,0.04388330078124985,4.084601652147342,0.34822208658854154
dcrlme_seed0,0,leg4_paralysed,2,ite_continuous,6,1071.864990234375,0.04388330078124985,4.084601652147342,0.34822208658854154
dcrlme_seed0,0,leg4_paralysed,3,ite_continuous,10,1079.437255859375,0.06912418619791652,6.43399106541203,0.34822208658854154
dcrlme_seed0,0,leg4_paralysed,4,ite_continuous,9,1079.437255859375,0.06912418619791652,6.43399106541203,0.34822208658854154
dcrlme_seed0,0,leg1_weak,0,ite_continuous,1,1290.822509765625,0.7737416992187498,72.0188902543667,0.9088979492187499
dcrlme_seed0,0,leg1_weak,1,ite_continuous,1,1290.822509765625,0.7737416992187498,72.0188902543667,0.9088979492187499
dcrlme_seed0,0,leg1_weak,2,ite_continuous,1,1290.822509765625,0.7737416992187498,72.0188902543667,0.9088979492187499
dcrlme_seed0,0,leg1_weak,3,ite_continuous,2,1290.822509765625,0.7737416992187498,72.0188902543667,0.9088979492187499
dcrlme_seed0,0,leg1_weak,4,ite_continuous,2,1290.822509765625,0.7737416992187498,72.0188902543667,0.9088979492187499
dcrlme_seed0,0,leg2_weak,0,ite_continuous,3,1202.3272705078125,0.47875756835937483,44.56214368300876,0.8672703450520832
dcrlme_seed0,0,leg2_weak,1,ite_continuous,3,1202.3272705078125,0.47875756835937483,44.56214368300876,0.8672703450520832
dcrlme_seed0,0,leg2_weak,2,ite_continuous,3,1202.3272705078125,0.47875756835937483,44.56214368300876,0.8672703450520832
dcrlme_seed0,0,leg2_weak,3,ite_continuous,2,1202.3272705078125,0.47875756835937483,44.56214368300876,0.8672703450520832
dcrlme_seed0,0,leg2_weak,4,ite_continuous,3,1202.3272705078125,0.47875756835937483,44.56214368300876,0.8672703450520832
dcrlme_seed0,0,leg3_weak,0,ite_continuous,3,1260.231689453125,0.6717722981770832,62.52770849391837,0.7263023274739582
dcrlme_seed0,0,leg3_weak,1,ite_continuous,2,1260.231689453125,0.6717722981770832,62.52770849391837,0.7263023274739582
dcrlme_seed0,0,leg3_weak,2,ite_continuous,2,1260.231689453125,0.6717722981770832,62.52770849391837,0.7263023274739582
dcrlme_seed0,0,leg3_weak,3,ite_continuous,3,1260.231689453125,0.6717722981770832,62.52770849391837,0.7263023274739582
dcrlme_seed0,0,leg3_weak,4,ite_continuous,2,1260.231689453125,0.6717722981770832,62.52770849391837,0.7263023274739582
dcrlme_seed0,0,leg4_weak,0,ite_continuous,2,1233.373779296875,0.5822459309895832,54.19470845028771,0.8480300292968749
dcrlme_seed0,0,leg4_weak,1,ite_continuous,3,1233.373779296875,0.5822459309895832,54.19470845028771,0.8480300292968749
dcrlme_seed0,0,leg4_weak,2,ite_continuous,2,1233.373779296875,0.5822459309895832,54.19470845028771,0.8480300292968749
dcrlme_seed0,0,leg4_weak,3,ite_continuous,2,1233.373779296875,0.5822459309895832,54.19470845028771,0.8480300292968749
dcrlme_seed0,0,leg4_weak,4,ite_continuous,3,1233.373779296875,0.5822459309895832,54.19470845028771,0.8480300292968749
dcrlme_seed0,0,legs12_paralysed,0,ite_continuous,10,1083.799560546875,0.08366520182291652,7.787450248937096,0.08716536458333318
dcrlme_seed0,0,legs12_paralysed,1,ite_continuous,10,1083.799560546875,0.08366520182291652,7.787450248937096,0.08716536458333318
dcrlme_seed0,0,legs12_paralysed,2,ite_continuous,10,1083.799560546875,0.08366520182291652,7.787450248937096,0.08716536458333318
dcrlme_seed0,0,legs12_paralysed,3,ite_continuous,12,1083.799560546875,0.08366520182291652,7.787450248937096,0.08716536458333318
dcrlme_seed0,0,legs12_paralysed,4,ite_continuous,10,1083.799560546875,0.08366520182291652,7.787450248937096,0.08716536458333318
dcrlme_seed0,0,legs14_paralysed,0,ite_continuous,20,1055.572021484375,-0.010426595052083485,-0.9704941656122735,0.05094140624999985
dcrlme_seed0,0,legs14_paralysed,1,ite_continuous,11,1058.186767578125,-0.001710774739583485,-0.1592367302219972,0.05094140624999985
dcrlme_seed0,0,legs14_paralysed,2,ite_continuous,20,1059.50341796875,0.002678059895833182,0.2492703985417526,0.05094140624999985
dcrlme_seed0,0,legs14_paralysed,3,ite_continuous,14,1058.186767578125,-0.001710774739583485,-0.1592367302219972,0.05094140624999985
dcrlme_seed0,0,legs14_paralysed,4,ite_continuous,12,1059.50341796875,0.002678059895833182,0.2492703985417526,0.05094140624999985
dcrlme_seed0,0,ankle1_paralysed,0,ite_continuous,4,1080.810302734375,0.07370100911458319,6.85999590356655,0.34379663085937484
dcrlme_seed0,0,ankle1_paralysed,1,ite_continuous,5,1080.810302734375,0.07370100911458319,6.85999590356655,0.34379663085937484
dcrlme_seed0,0,ankle1_paralysed,2,ite_continuous,4,1080.810302734375,0.07370100911458319,6.85999590356655,0.34379663085937484
dcrlme_seed0,0,ankle1_paralysed,3,ite_continuous,6,1080.810302734375,0.07370100911458319,6.85999590356655,0.34379663085937484
dcrlme_seed0,0,ankle1_paralysed,4,ite_continuous,5,1080.810302734375,0.07370100911458319,6.85999590356655,0.34379663085937484
dcrlme_seed0,0,ankle3_paralysed,0,ite_continuous,1,1277.11279296875,0.7280426432291666,67.76528042389602,0.8904588216145832
dcrlme_seed0,0,ankle3_paralysed,1,ite_continuous,2,1277.11279296875,0.7280426432291666,67.76528042389602,0.8904588216145832
dcrlme_seed0,0,ankle3_paralysed,2,ite_continuous,1,1277.11279296875,0.7280426432291666,67.76528042389602,0.8904588216145832
dcrlme_seed0,0,ankle3_paralysed,3,ite_continuous,1,1277.11279296875,0.7280426432291666,67.76528042389602,0.8904588216145832
dcrlme_seed0,0,ankle3_paralysed,4,ite_continuous,1,1277.11279296875,0.7280426432291666,67.76528042389602,0.8904588216145832
